Id_wisata,Nama Wisata,Deskripsi,Jenis Wisata,Lokasi,Ratings,TAG,Harga Tiket,Images
1,Bukit Jaddih,Jaddih merupakan bukit yang terbentuk karena penambangan batu kapur putih ini jadi destinasi favorit di Bangkalan. Ada danau berwarna biru kehijauan di tengah hamparan bukit kapur putih. Kamu bisa menyewa perahu buat berkeliling danau . 1997/1998.,Wisata Alam,Kabupaten Bangkalan,4.6,Bukit,10000,Bukit_Jaddih.png
2,Bukit Arosbaya,"Arosbaya, bukit bekas pertambangan kapur yang berwarna merah kecokelatan, ini disebut juga dengan sebutan ""Bedel"".Tidak hanya bukit kapur menjulang menyerupai Grand Canyon yang jadi daya tariknya, melainkan juga banyaknya tumbuhan hijau merambat. Tumbuhan ini menghiasi perbukitan yang tampak kering diterpa sinar matahari terus-menerus.",Wisata Alam,Kabupaten Bangkalan,4,Bukit,10000,Bukit_Arosbaya.png
3,Bukit Geger,"Bukit Gegera berada di ketinggian 150-200 mdpl. Berdasarkan informasi dari Pesona Indonesia, obyek wisata ini menjadi lokasi favorit untuk camping lantaran udaranya sejuk. Kawasan perbukitan seluas 44 hektar ini, ditumbuhi kayu mahoni. Untuk bisa sampai di puncak bukit, pengunjung harus melewati puluhan anak tangga.",Wisata Alam,Kabupaten Bangkalan,4.5,Bukit,10000,Gunung_Geger.png
4,Bukit Kapur Aermata Bangkalan,"Beda dengan bukit jaddih, bukit kapur arosbaya ini mempunyai warna sedikit kemerahan, uniknya banyak lorong-lorong yang terdapat didalam sana dan beberapa sisa tambang yang menyerupai tembok. Warna batu pun sedikit kehijauan karena ada yang sudah bertahun-tahun tidak tersentuh tangan manusia sehingga ber lumut.",Wisata Alam,Kabupaten Bangkalan,4.5,Bukit,10000,Bukit_Kapur_Aermata_Arosbaya.png
5,Bukit Lampion Beramah,"Tempat wisata Bukit Lampion Beramah berada di Desa Daleman, Kecamatan Galis, Bangkalan. Adapun dari pusat Kota Bangkalan, pengunjung hanya perlu menempuh jarak sekitar 15 kilometer. Selain menyuguhkan pemandangan alam perbukitan, Bukit Lampion Beramah juga dihiasi lampion berwarna-warni. Tak hanya itu, Bukit Lampion Beramah menyediakan berbagai spot foto menarik.",Wisata Alam,Kabupaten Bangkalan,4.2,Bukit,15000,Bukit_Lampion_Beramah.png
6,Bukit Anjhir,"Bukit Anjhir Terletak di Desa Kemoneng, Kabupaten Bangkalan, tepatnya di Kecamatan Tragah. Adapun obyek wisata yang dimaksud yakni wisata alam Bukit Anjhir. Kata “Anjhir” sendiri memiliki arti dalam bahasa Madura yaitu berarti Panchang atau Rambu. Dari atas Bukit Anjhir kita akan disuguhi dengan pemandangan alam yang masih sangat asri, pepohonan yang hijau dan udara yang masih sejuk. Bukit ini juga cocok untuk kegiatan camping dan kegiatan yang berhubungan dengan alam lainnya.",Wisata Alam,Kabupaten Bangkalan,4,Bukit,15000,Bukin_Anjhir.png
7,Pantai Gebang,"Banyaknya perahu nelayan yang bersandar di bibir Pantai Gebang ini memiliki daya tariknya sendiri. Tidak hanya perahu, kamu juga bisa melihat beberapa tumbuhan bakau yang ditanam untuk mencegah abrasi. ",Wisata Alam,Kabupaten Bangkalan,4.5,Pantai,15000,Pantai_Gebang.png
8,Pantai Siring Kemuning,"Untuk mencapai pantai ini, kamu harus menempuh perjalanan sekitar 1,5 jam dari Jembatan Suramadu. Saat tiba di lokasi, kamu langsung disambut dengan indahnya hamparan pasir putih. Lebih cantik lagi kalau kamu mengunjunginya saat matahari terbenam atau terbit. ",Wisata Alam,Kabupaten Bangkalan,4.1,Pantai,10000,Pantai_Siring_Kemuning.png
9,Pantai Sambilangan,Lokasinya di Desa Sambilangan atau sekitar tujuh kilometer ke arah selatan Kota Bangkalan.,Wisata Alam,Kabupaten Bangkalan,4.2,Pantai,Gratis,Pantai_Sembilangan.png
10,Pantai Rongkang ,"Pantai Rongkang mempunyai daya tarik yang membedakannya dengan pantai di Madura lainnya. Ciri khas tersebut adalah bebatuan kecil yang menutupi pantai.Selain bebatuan kecil di pantai, wisatawan juga akan menjumpai batuan karang di pinggiran pantai. Nama pantai ini berasal dari bahasa Madura ngrongkang yang berarti berlubang.",Wisata Alam,Kabupaten Bangkalan,4.2,Pantai,10000,Pantai_Rongkang.png
11,Pantai Rindu,"Pantai Rindu bisa disebut sebagai pintu gerbang ke Pulau Madura. Dari lokasi Pantai Rindu, wisatawan bisa menyaksikan kemegahan Jembatan Suramadu, lantaran lokasinya hanya berjarak 1 km dari jembatan. Letak Pantai Rindu masih sederet dengan Dermaga Rindu tepatnya di Jalan Raya Sukolilo, Polasari, Kecamatan Labang, Kabupaten Bangkalan.",Wisata Alam,Kabupaten Bangkalan,4.2,Pantai,10000,Pantai_Rindu.png
12,Pantai Goa Petapa ,"Wisata Madura dekat Suramadu selanjutnya adalah Pantai Goa Petapa. Lokasinya berada di Desa Kejawan, Desa Sukolilo Timur, Kecamatan Labang, Kabupaten Bangkalan.  Jaraknya sekitar 3 km dari Jembatan Suramadu sisi Pulau Madura. Pantai Goa Petapa memiliki ombak yang tenang sehingga wisatawan bisa bebas bermain pasir di tepi pantai.",Wisata Alam,Kabupaten Bangkalan,4.4,Pantai,10000,Goa_Petapa.png
13,Pantai Batu Malang,"Meskipun namanya Pantai Batu Malang, namun lokasi pantai ini berada di Madura. Tepatnya di Kejawan, Sukolilo Timur, Kecamatan Labang.  Kecantikan Pantai Batu Malang dapat dilihat dari Jembatan Suramadu, karena hanya berjarak 3,3 km atau 9 menit berkendara. Jadi, pantai ini banyak dikunjungi wisatawan yang ingin menyaksikan keindahan Jembatan Suramadu.",Wisata Alam,Kabupaten Bangkalan,4.1,Pantai,10000,Pantai_Batu_Malang.png
14,Sumber Pocong,"Meskipun namanya seram, namun obyek wisata ini menyajikan kolam pemandian alami yang indah. Air di kolam ini sangat jernih sehingga dasar kolam serta ikan-ikan di dalamnya tampak jelas. Pengunjung bisa berenang sepuasnya di pemandian ini. Menariknya, Sumber Pocong masih alami dengan pepohonan rimbun di sekelilingnya.",Wisata Alam,Kabupaten Bangkalan,4.2,Pemandian,15000,Sumber_Pocong.png
15,Mangrove Labuhan,"Hutan mangrove ini berada di Desa Labuhan, Kecamatan Sepuluh, Kabupaten Bangkalan, sehingga dikenal sebagai Mangrove Labuhan. Pengunjung bisa menyusuri hutan mangrove melalui jembatan kayu sepanjang 350 meter. Selain berfungsi mencegah abrasi, hutan mangrove Labuhan ini merupakan obyek wisata sekaligus wahana edukasi. Pengunjung bisa berkeliling menggunakan kano dan berkemah di kawasan hutan mangrove.",Wisata Alam,Kabupaten Bangkalan,4.3,Magrove,15000,Labuhan_Mangrove_EduPark.png
16,Pelabuhan Kamal,"Pelabuhan Kamal yang semula jadi pusatnya transportasi untuk menghubungkan Pulau Madura dengan Jawa Timur, kini menjadi lebih sepi. Sebab, sudah ada Jembatan Suramadu yang menggantikannya. Meski sepi, pelabuhan ini tidak kehilangan daya tariknya, kamu bisa hunting foto kece di sini.",Wisata Buatan,Kabupaten Bangkalan,4.5,Pelabuhan,Gratis,Pelabuhan_Kamal.png
17,Mercusuar Sembilangan,"Mercusuar Sembilangan sebagai peninggalan kolonialisme Belanda masih beroperasi hingga saat ini. Fungsinya untuk membantu kapal yang masuk ke Tanjung Perak. Saat sore hari, kamu akan melihat keindahan langit senja yang perlahan digantikan dengan gelapnya malam.",Wisata Buatan,Kabupaten Bangkalan,4.9,Mercusuar,15000,mercusuar_sembilangan.png
18,Museum Cakraningrat,"Kabupaten Bangkalan juga memiliki wisata sejarah, salah satunya Museum Cakraningkat. Museum ini merupakan salah satu peninggalan Keraton Bangkalan. Lokasinya berada di pusat kota, tepatnya di Jalan Soekarno Hatta, Kota Bangkalan. Pengunjung bisa menyaksikan beragam koleksi benda antik peninggalan keraton, seperti gamelan, gong, alat perang, dan lain-lain. Tak hanya itu, pengunjung juga bisa mendalami sejarah Kota Bangkalan dan kebudayaannya. Museum ini dibangun sejak 1974, namun baru diresmikan dengan nama Museum Cakraningrat pada 2008 lalu. ",Wisata Buatan,Kabupaten Bangkalan,4,Museum,15000,Museum_Cakraningrat.png
19,Makam Aermata Ebhu,"Makam Aermata Ebhu merupakan situs pemakanan yang berada di  Jalan Raya Buduran Nomor 39, Desa Buduran, Kecamatan Arosbaya, Kabupaten Bangkalan. Kompleks makam ini terletak di perbukitan pada ketinggian 19,35 mdpl, dengan luas sekitar 8.000 meter persegi, berdasarkan informasi dari website Kemendibud",Wisata Buatan,Kabupaten Bangkalan,4.5,Wisata Religi,15000,Makam_Aermata_Ebhu.png
20,Masjid Agung Bangkalan,"Masjid Agung Bangkalan merupakan salah satu masjid bersejarah di Pulau Madura. Masjid yang memiliki nama resmi, Masjid Agung Sultan Kadirun Bangkalan ini, merupakan salah satu warisan sejarah kerajaan Islam yang pernah berdiri di Madura, seperti dilansir dari website Tourist Information Center.",Wisata Buatan,Kabupaten Bangkalan,4.6,Wisata Religi,Gratis,Masjid_Agung_Bangkalan.png
21,Pesarean KH. Moh. Kholil Bin Abdul Latief,"Pesarean KH. Moh. Kholil terletak di Desa Martajasah, Kecamatan Bangkalan. Pesarean ini merupakan peninggalan sejarah yang berupa Makam Agung Ulama tersohor di belahan nusantara pasca kejayaan Wali songo. Pesarean ini relatif dekat dengan pusat kota ditempuh 2 km dan bersebelahan dengan Pantai Sambilangan. Makam KH. Moh Kholil banyak dikunjungi peziarah dan ahli tirakat dari seantero nusantara bahkan dari mancanegara.",Wisata Buatan,Kabupaten Bangkalan,4.6,Wisata Religi,Gratis,MSQ.png
22,Alun-alun Bangkalan,"Alun-Alun Bangkalan terletak di Jalan K. H. Abdul Karim, Demangan, Kecamatan Bangkalan, Kabupaten Bangkalan, Madura, Jawa Timur.",Wisata Buatan,Kabupaten Bangkalan,4.6,Taman,Gratis,AAB.png
23,Pantai Pasir Putih Tlangoh,"Terletak di Desa Tlangoh, Kecamatan Tanjungbumi, Kabupaten Bangkalan, area pantai ini berjarak lebih kurang 40 km dari Kota Bangkalan dan bisa ditempuh dengan waktu kurang lebih satu jam melalui perjalanan darat dengan akses yang sangat mudah.",Wisata Alam,Kabupaten Bangkalan,4.6,Pantai,10000,PPT.png
24,Taman Paseban,"Taman kota menjadi salah satu icon kebanggaan setiap daerah tak terkecuali dengan kota Bangkalan. Untuk kesekian kalinya taman kota Bangkalan mengalami revitalisasi, kali ini jelas tampilannya lebih indah dan rapi. Taman kota Bangkalan yang juga disebut dengan Taman Paseban ini berada tepat di tengah kota berhadapan dengan Masjid Agung Bangkalan dan bersebelahan dengan Gedung Rato Ebu.",Wisata Buatan,Kabupaten Bangkalan,4.6,Taman,Gratis,TBM.png
25,Taman Rekreasi Kota Bangkalan,"Salah satu obyek wisata minat khusus tengah kota yang dikelola langsung oleh Pemerintah Kabupaten Bangkalan. Taman tengah kota yang di penuhi dengan bermacam – macam wahana bermain anak - anak, kolam renang dan danau buatan yang di desain khusus bagi anda yang hobi memancing atau sekedar ingin bermain perahu mengelilingi danau.",Wisata Buatan,Kabupaten Bangkalan,4.6,Taman,Gratis,TRB.png
26,Air Terjun Batu Raja Manitan,"Seperti namanya air terjun yang ada disini memang dipenuhi bebatuan besar, dan indah. Selain memiliki bebatuan besar disini juga memiliki mata air yang jernih, dan pepohonan yang rindang disekitar air terjun ini menambah kecantikan tempat ini. Untuk kalian yang bosan dengan keramaian kota, dan butuh ketenangan tempat ini rekommended banget untuk kalian kunjungi. Karena saat berada di Air Terjun Batu Raja Manitan ini kalian bisa duduk santai mendengar gemuruh air terjun, dan suasana tenang disini juga bikin siapa aja betah berlama-lama ditempat ini.",Wisata Alam,Kabupaten Bangkalan,4.6,Air Terjun,10000,AIRRM.png
27,Air Terjun Kokop,"Air Terjun Kokop yang ada di Kabupaten Bangkalan ini juga menjadi salah satu wisata di Madura yang wajib banget dikunjungi, karena pemadnangan yang ada di Air Terjun Kokop masih asri, dan sangat indah. Air Terjun Kokop ini memiliki ketinggian sekitar 10 meter, dan memiliki 3 tingkat sehingga saat air mengalir membuat Air Terjun Kokop terlihat sangat cantik. Selain air terjunnya indah dikawasan Air Terjun Kokop ini juga dipenui hutan rindang, dan udara yang sejuk disekitar Air Terjun Kokop ini membuat siapa saja betah beralama-lama ditempat ini. Tempat ini juga pantas disebut sebagai surga tersembunyi di Madura guys, Karena air terjun Kokop ini berada dikawasan terpencil, dan membutuhkan tenaga yang extra untuk sampai di air terjun Kokop",Wisata Alam,Kabupaten Bangkalan,4.6,Air Terjun,10000,AIRK.png
28,Air Terjun Campur Arosbaya,"Air Terjun Campur Arosbaya ini berada di bukit kapur yang terkenal banget di Madura yaitu bukit kapur Arosbaya, dan Air Terjun Campur Arosbaya ini memiliki air terjun yang tidk terlalu tinggi. Namun pemandangan yang ada di Air Terjun Campur Arosbaya sangat cantik, dan dengan melihat Air Terjun Campur Arosbaya ini kalian akan merasa tenang sembari mendengar aliran air yang ada di Air Terjun Campur Arosbaya. tempat yang satu bini jangan sampai kalian lewatkan saat kalian berada di Bukit Kapur Arosbaya ya guys! Air Terjun Campur Arosbaya ini bisa jadi spot instagrammable, dan estetik buat kamu.",Wisata Alam,Kabupaten Bangkalan,4.6,Air Terjun,10000,AIRA.png
29,Makam Sunan Cendana,"Makam Sunan Cendana menjadi tempat yang banyak diziarahi oleh para peziarah, baik dari dalam maupun luar Madura. Selain makamnya, di lokasi ini juga terdapat masjid, museum, dan taman yang indah.",Wisata Buatan,Kabupaten Bangkalan,4.6,Wisata Religi,Gratis,MSCK.png
30,Wisata Alam Goa Aren,Tempat wisata selanjutnya adalah wisata goa yang sangat indah dan alami yaitu Goa Aren. Goa ini masih menyatu dengan alam sehingga menciptakan suasana yang sangat asri dan pasti mengagumkan untuk siapa saja yang datang kesini. Daya pikat Goa Aren ini dengan adanya stalaktit dan stalagmit yang terbentuk secara alami. Sangat cocok bagi Anda yang mempunyai hobi fotografi akan dimanjakan dengan bentuknya yang eksotis.,Wisata Alam,Kabupaten Bangkalan,4.6,Goa,15000,WGA.png
31,Perahu Sarimuna Syaichona Moh Cholil,"Perahu Sarimuna peninggalan Syaichona Moh Cholil ini dibuat sekitar abad ke-18 dan hingga sekarang perahu tersebut diperkirakan telah mencapai usia 125 tahun. Sebelum seperti sekarang, perahu ini dulunya lebih kecil kemudian dilakukan renovasi pada tahun 1951 dan pada tahun tersebut perahu masih digunakan oleh masyarakat sekitar. Dan pada Tahun 1982 Perahu Sarimuna tidak lagi digunakan untuk berlayar dilaut dan warga-pun berinisiatif untuk menaikkannya ke daratan.",Wisata Buatan,Kabupaten Bangkalan,4.6,Wisata Religi,15000,PSM.png
32,Gunung Lumut,"Gunung Lumut terletak di Jaddih Barat, Dusun Socah, Desa Jaddih, Kec. Bangkalan, Kab. Bangkalan, Jawa Timur. Tepatnya di pulau Madura bagian barat. Pasalnya gunung atau Bukit ini diberi nama Gunung Lumut karena pada bagian permukaannya banyak ditumbuhi tanaman lumut.",Wisata Alam,Kabupaten Bangkalan,4.6,Gunung,Gratis,GL.png
33,Sentra Batik Tanjung Bumi,"Batik tulis Tanjung Bumi ini sudah lama ada, berawal dari kejenuhan para kaum ibu di kawasan pesisir mengisi waktu luang sambil menunggu suami datang kembali dari berlayar di lautan. Batik ini memiliki ciri khusus yang menjadi pembeda dengan batik tulis dari daerah lainnya. Adanya motif burung yang pasti terdapat di batik Tanjung Bumi ini, serta penggunaan warna merah yang sangat mewakili karakter penduduk pesisir khususnya Pulau Madura.",Wisata Buatan,Kabupaten Bangkalan,4.6,Wisata Batik,15000,SBTB.png
34,Stadion Kerapan Sapi M.Noer,"Bangkalan sendiri mempunyai Lapangan untuk acara Kerapan Sapi ini yakni di Alun-Alun Kota Bangkalan serta di Lapangan R.P. Moch. Noer yang letaknya di daerah Kelurahan Bancaran, Kecamatan Bangkalan dan orang sekitar biasa menyebutkan sebagai “Daerah Skeep / Lapangan Skeep”. Dinamakan R.P. Moch. Noer karna beliau merupakan Putra Madura sekaligus Mantan Gubernur Jawa Timur serta Penggagas dibangunnya Jembatan Suramadu.",Wisata Buatan,Kabupaten Bangkalan,4.6,Wisata Budaya,15000,STDKN.png
35,Kolla Langgundi,Kolla Langgundi sendiri menyerupai kolam yang ukurannya sekira 2 meter x 7 meter. Sebenarnya kalau dilihat langsung ukuran kolam tidak terlalu luas seperti tempat pemandian pada umumnya. Namun walaupun begitu tetap saja sumber mata air ini banyak dikunjungi oleh para peziarah yang sengaja datang untuk menyempatkan diri.,Wisata Buatan,Kabupaten Bangkalan,4.6,Wisata Religi,15000,KLAL.png
36,Benteng Erfprins ,"Dulunya, benteng ini merupakan gudang persenjataan VOC, dimana VOC membangun sebuah kekuatan militer di Madura yang bertujuan untuk menumpas berbagai pemberontakan di Cirebon, Bone, Jambi, Bali dan Jawa. Namun, ada keterangan lain yang menjadi alasan mengapa benteng ini dibangun.",Wisata Buatan,Kabupaten Bangkalan,4.6,Wisata Budaya,Gratis,BTE.png
37,Pantai Nepa,"Pantai ini memiliki pasir putih yang terletak di Desa Batioh, Kecamatan Ketapang, Kabupaten Sampang. Nepa merupakan bagian dari objek wisata Hutan Kera Nepa. Untuk berkunjung kesini, Anda hanya perlu membayar sekitar Rp5.000-Rp10.000, dan sudah dapat menikmati pemandangan yang cantik dengan langit biru yang menakjubkan.",Wisata Alam,Kabupaten Sampang,4.6,Pantai,15000,PN.png
38,Pantai Jodoh,"Pantai ini diresmikan pada awal tahun 2017 dan berlokasi di Desa Bira Timur, Kecamatan Sokobanah, Kabupaten Sampang. Anda cukup membayar biaya parkir kendaraan saja, karena tiket masuk pantai ini gratis. Asal-usul nama Pantai Jodoh ini berkisah tentang seorang Jokotole yang memiliki kemampuan supranatural dan hendak memberikan hantaran sebagai lambang cinta kepada pujaan hatinya. Namun, hantaran tersebut jatuh di pantai.",Wisata Alam,Kabupaten Sampang,4.6,Pantai,15000,PJ.png
39,Bukit Masegit,"Bukit Masegit adalah destinasi wisata terbaru yang sedang populer di kalangan generasi milenial, yang terletak di Daerah Piaan, Temoran, Omben, Kabupaten Sampang.",Wisata Alam,Kabupaten Sampang,4.6,Bukit,15000,BMS.png
40,Air terjun Toroan,"Air Terjun Toroan yang berlokasi di Desa Ketapang Daya, Kecamatan Ketapang, Pulau Madura, ini merupakan destinasi favorit penduduk setempat. Air terjun ini memiliki daya tarik tersendiri, termasuk pasir putih, bebatuan, dan pepohonan yang rindang.",Wisata Alam,Kabupaten Sampang,4.6,Air Terjun,15000,AIT.png
41,Gunung Maddah,"Gunung Maddah adalah destinasi wisata menarik yang cocok untuk tempat bersantai sambil menikmati matahari terbenam, yang terletak di Desa Gunung, Kecamatan Kota Sampang, Sampang.",Wisata Alam,Kabupaten Sampang,4.6,Gunung,15000,GM.png
42,Waduk Nipah Banyuates,"Waduk Nipah Banyuates adalah destinasi wisata buatan yang terletak di Desa Montor, Kecamatan Banyuates, Kabupaten Sampang, yang dikelilingi oleh bukit-bukit batu cadas dan pohon-pohon besar.",Wisata Buatan,Kabupaten Sampang,4.6,Waduk,15000,WN.png
43,Makam Ratu Ibu,"Makam ini merupakan lokasi penguburan khusus para bangsawan dan para tokoh pemimpin dari wilayah Sampang. Makam ini sering dikenal dengan sebutan Kuburan Madegan, yang kerap dijadikan sebagai wisata religi dan bersejarah bagi penduduk setempat. Terletak di Desa Polagan, Kabupaten Sampang, Madura, Jawa Timur, destinasi ini adalah tempat yang menarik untuk dikunjungi, yang akan memberikan pemahaman lebih dalam tentang sejarah makam ini dan Kabupaten Sampang.",Wisata Buatan,Kabupaten Sampang,4.6,Wisata Religi,15000,AS.png
44,Pantai Camplong,"Pulau Madura adalah wilayah yang memiliki banyak pantai karena letak geografisnya, salah satunya wisata Pantai Camplong, yang terletak di Desa Dharma Camplong, Kabupaten Sampang.",Wisata Alam,Kabupaten Sampang,4.6,Pantai,15000,R.png
45,Pulau Mandaingin,"Destinasi wisata di Kabupaten Sampang ini cocok bagi penggemar pantai, yang berlokasi di Kabupaten Sampang.",Wisata Alam,Kabupaten Sampang,4.6,Pantai,15000,BY.png
46,Masjid Agung Sampang,"Masjid Agung Sampang, atau dikenal dengan nama Masjid Jamik adalah objek wisata religi yang menjadi kebanggaan masyarakat Madura.",Wisata Buatan,Kabupaten Sampang,4.6,Wisata Religi,Gratis,Y.png
47,Waduk Klampis,"Waduk Klampis mempunyai lokasi tepatnya  di desa Kramat, Kecamatan Kedundung, kurang lebih sekitar 9 km ke arah utara kota Sampang. Obyek wisata Waduk Klampis sendiri sebenarnya berfungsi sebagai irigasi atau pengairan sawah di Kabupaten Sampang terutama di Kecamatan Kedungdung, Torjun, Jrengik dan Sampang. ",Wisata Buatan,Kabupaten Sampang,4.6,Waduk,10000,wdk.png
48,Situs Pababaran Trunojoyo,"Situs Pababaran Trunojoyo adalah sebuah obyek wisata religi yang berlokasi di Kelurahan Rongtengah, Kecamatan Sampang, Madura. Bagi anda yang tertarik dengan wisata yang penuh nilai-nilai sejarah, anda bisa mengajak keluarga terutama anak-anak anda untuk datang kesana. Karena selain berlibur anda bisa mendapatkan informasi-informasi mengenai kejadian sejarah yang mungkin belum pernah anda dan keluarga anda ketahui sebelumnya.",Wisata Buatan,Kabupaten Sampang,4.6,Wisata Budaya,Gratis,TN.png
49,Wisata Rimba Monyet Nepa,"Lokasi dari wisata yang satu ini berada di desa Nepa, Banyuates, Sampang, Madura. Rute dari wisata ini dapat dilalui dengan menggunakan kendaraan pribadi ataupun kendaraan sewaan. Jika Anda berada di Kota Sampang, maka Anda bisa menuju ke wisata yang satu ini sejauh 50 km atau melakukan perjalanan selama satu jam perjalanan.",Wisata Alam,Kabupaten Sampang,4.6,Wisata Budaya,Gratis,OIP.png
50,Gua Wisata Lebar,"Gua Lebar terletak di Kabupaten Sampang bagi teman – teman yang berasal dari luar pulau Madura bisa menumpang bus umum dari Terminal Purabaya Surabaya menuju Kota Sampang melalui Jembatan Suramadu. Tarif bus umum dari Terminal ke Kota Sampang sekitar 50 ribu rupiah. Teman – teman bisa turun di Terminal Kota Sampan namun masih disayangkan belum ada angkutan umum yang bisa ditumpangi untuk menuju Gua Lebar ini. Jadi, kita sarankan agar teman – teman bisa membawa kendaraan pribadi atau bisa meminjam kendaraan jika memiliki kenalan dan keluarga yang tinggal di Sampang.",Wisata Alam,Kabupaten Sampang,4.6,Goa,15000,GLB.png
51,Sumber Jokotole Omben,"Wisata Sumber Jokotole Omben ini memiliki daya tarik berupa pemandian dengan sumber air yang alami dan bersih sehingga terlihat sangat jernih serta menyegarkan. Untuk bisa masuk ke dalamnya, Anda tak perlu membayar tiket masuknya karena masih dikenakan biaya cuma-cuma alias gratis. Dan meskipun objek wisata ini masih dikelola secara mandiri oleh warga sekitar pemandian, namun menariknya sudah tersedia banyak fasilitas untuk memberikan kenyamanan tersendiri bagi pengunjung yang datang kesana.",Wisata Buatan,Kabupaten Sampang,4.6,Wisata Budaya,15000,PJO.png
52,Gua Macan,"Lokasi wisata gua yang berada di desa Bira Temor, kecamatan Sokobanah, kabupaten Sampang Jawa Timur ini memiliki pemandangan alam yang sangat indah dan mempesona semua pengunjung yang datang kesana. Anda bisa berfoto di spot yang menarik dan instagrammable yaitu dengan pemandangan bebatuan eksotis yang berderet di sepanjang dinding Gua Macan.",Wisata Alam,Kabupaten Sampang,4.6,Goa,15000,GLGM.png
53,Air Terjun Durbugen,"Wisata air terjun jadi salah satu yang banyak dipilih terutama bagi yang sedang menginginkan menikmati udara segar. Salah satu air terjun yang bisa dikunjungi saat berada di Pamekasan, Madura yaitu Air Terjun Durbugen.",Wisata Alam,Kabupaten Pamekasan,4.6,Air Terjun,Gratis,AIDB.png
54,Api Abadi,"Tempat wisata selanjutnya adalah api abadi. Disebut dengan api abadi karena api ini memang tidak pernah padam. Objek wisata ini berlokasi di Desa Larangan. Lokasi cukup mudah untuk dijangkau karena tidak jauh dari pusat kota. Akses lokasi ini cukup sulit untuk mencapainya, wisatawan dianjurkan untuk berhati-hati.",Wisata Alam,Kabupaten Pamekasan,4.6,Wisata Budaya,15000,APB.png
55,Wisata Pantai Jumiang Pamekasan,"Pantai ini diresmikan pada awal tahun 2017 dan berlokasi di Desa Bira Timur, Kecamatan Sokobanah, Bagi yang suka dengan wisata pantai, maka pantai Jumiang bisa menjadi pilihannya. Pantai ini dikenal dengan pemandangannya yang eksotis. Pantai yang memesona ini memiliki hamparan putih dan air lautnya kebiruan dan jernih menambah sisi eksotis pantai ini.",Wisata Alam,Kabupaten Pamekasan,4.6,Pantai,15000,PJP.png
56,Pantai Talang Siring,"Pantai Talang Siring terletak di Desa Montok. Dari pusat kota Pamekasan berjarak sekitar 14 Km. Bagi yang tidak mempunyai kendaraan pribadi untuk ke pantai ini, telah ada angkutan umum yang disediakan. Jadi wisatawan tidak perlu bingung-bingung untuk mencari kendaraan. Pantai ini mempunyai gugusan mangrove yang indah ini akan sangat rugi jika dilewatkan. Di samping itu, pengunjung juga disuguhi oleh pemandangan para nelayan yang sibuk menangkap ikan dan menjualnya. Pantai ini menjadi salah satu rekomendasi bagi yang sudah pernah dengan suasananya kota.",Wisata Alam,Kabupaten Pamekasan,4.6,Pantai,15000,PTS.png
57,Vihara Avalokitesvara,Tempat wisata berikutnya adalah Vihara Avalokitesvara. Vihara berlokasi tidak jauh dari pantai Talang Siring. Luas Vihara kurang lebih 3 ha. Vihara didirikan sekitar abad 18. Vihara ini sungguh memesona karena mempunyai ciri arsitektur dari Negeri Tirai Bambu Cina dengan warna merah mendominasi bangunan. Patung Kwan In yang dikenal sebagai Dewi Welas Asih berdiri megah di dalam Vihara. Uniknya adalah terdapat mushola di dekat Vihara. Hal ini sebagai simbol toleransi antar umat beragama. Ini menjadi bentuk wujud harapan dan doa seupaya Suasana damai dan tentram tercipta di sana.,Wisata Buatan,Kabupaten Pamekasan,4.6,Wisata Religi,15000,WAD.png
58,Goa Blaban,"Pamekasan juga menyimpan wisata goa yang tidak kalah elok dibandingkan pantainya. Dan salah satunya adalah Goa Blaban. Goa ini merupakan tempat wisata baru. Dulunya, warga sekitar secara tidak sengaja menemukan goa saat sedang menggali sumur. Dan jadilah tempat wisata seperti saat ini. Goa Blaban terletak di Desa Blaban. Goa ini dikenal karena keindahan batuannya yang berwarna emas. Stalagmit dan stalagtit di dalam goa akan membuat wisatawan bertahan lama di dalam goa.",Wisata Alam,Kabupaten Pamekasan,4.6,GOA,15000,WBQ.png
59,Rawa Mangunan,"Objek wisata Pamekasan selanjutnya adalah Rawa Mangunan. Lokasi obyek rawa yang ini dekat dengan Pantai Juming. Akses jalan menuju lokasi tidak terlalu baik membuat wisatawan. Di sana, pengunjung akan disuguhi pemandangan rawa dengan hutan bakau lebat sebagai hiasan. Suasana hutan bisa membuat hati merasa nyaman. Di dekat lokasi rawa Mangunan belum tersedia fasilitas seperti yang ada di tempat wisata lain. Di sana belum ada warung untuk makan juga.",Wisata Alam,Kabupaten Pamekasan,4.6,Rawa Mangun,15000,WQE.png
60,Bukit Kampung Toron Samalem,"Kampung Toron Samalem berlokasi di Dusun Toron Smalem, Desa Blumbungan. Awalnya tempat ini adalah lokasi bekas penambangan batu bara. Dan karena sudah tidak jadi lokasi penambangan, maka dijadikan lokasi wisata yang elok dan indah. Terdapat rumah mini dari rumbia dan kayu. Bagi wisatawan yang punya hobi berfoto ria, pasti betah dan senang berlama-lama di kampong ini. Penyebabnya adalah sudah disediakan bermacam-macam spot foto yang indah dan layak dipajang di media sosial.",Wisata Alam,Kabupaten Pamekasan,4.2,Bukit,15000,Kampung_Toron_Samalem.png
61,Bukit Waru,Bukit Waru Pamekasan berlokasi di desa waru. Bukit Waru mempunyai pemandangan yang indah. Tidak salah jika wisatawan yang berkunjung betah di sana. Bukit ini bisa menjadi alternatif lain jika ingin menikmati suasana alam. Segarnya alat pegunungan ditambah spot foto menambah nilai lebih tempat ini. Wisata Bukit Waru ini sangat cocok untuk waktu liburan atau akhir pekan. Keindahan ini layak dinikmati untuk semua usia. Udara yang segar dipadukan dengan asrinya pepohonan yang menyegarkan mata. Tidak heran jika banyak yang datang berkunjung di masa-masa liburan.,Wisata Alam,Kabupaten Pamekasan,4.6,Bukit,Gratis,Bukit_Waru.png
62,Alun-Alun Pamekasan,Semua kota besar pasti mempunyai alun-alun. Begitu pula dengan Pamekasan. Tempat ini menyimpan pesona indah yang tidak ada kalahnya dengan alun-alun kota lain. Penduduk asli Pamekasan sangat ramah tamah pada warga pendatang dan  wisatawan asing dan wisatawan lokal. Di Alun-Alun Pamekasan ada monumen yang berdiri megah yang menjadi ciri kota Pamekasan. Monumen itu adalah monumen yang berbentuk seperti celurit yang bernama Monumen Arek Lancor.,Wisata Buatan,Kabupaten Pamekasan,4.5,Taman,Gratis,Alun_Alun_Pamekasan.png
63,Wahana Bukit Cinta,"Wisata selanjutnya adalah Wahana Bukit Cinta. Disebut dengan bukit cinta karena bukit tersebut dilengkapi tangga yang berbentuk hati. Karena alasan itulah banyak pasangan yang sengaja berkunjung untuk mengabadikan momen bersama pasangan yang tidak akan  pernah dilupakan. Selain tangga berbentuk hati, Bukit Cinta juga dihiasi dengan hamparan rumput hijau yang terbentang luas. Itu yang membuat pemandangan semakin indah dan aura cinta dan kasih semakin terpancar. Di sana juga disediakan beberapa wahana seperti flying fox bagi yang ingin menguji adrenalin.",Wisata Alam,Kabupaten Pamekasan,4,Bukit,12000,Wahana_Bukit_Cinta.png
64,Puncak Batu Ratu,"Destinasi Wisata selanjutnya adalah Puncak Ratu yang berlokasi di Dusun Monging, Desa Tebul Barat. Wisatawan bisa berfoto di spot-spot yang sudah disediakan oleh pengelola. Pepohonan di sana makin menambah keindahan pemandangan. Untuk dapat menikmati keindahan Puncak Batu Ratu, pengunjung tidak perlu mengeluarkan dana yang besar. Cukup siapkan uang parkir kendaraan dan tiket masuk sebesar Rp. 10.000 saja. Dijamin tidak akan kecewa dengan panorama yang disuguhkan.",Wisata Alam,Kabupaten Pamekasan,4.3,Bukit,10000,Puncak_Ratu_Pamekasan.png
65,Air Terjun Ahatan,"Wisata air terjun selanjutnya adalah air terjun Ahatan. Air  terjun ini lumayan terkenal yang berlokasi di terletak di desa  Tlontoraja. Hanya saja akses untuk menuju air terjun ini tidaklah mudah. Jadi butuh kesabaran dari pengunjung untuk menuju lokasi. Air terjun ini mempunyai ketinggian sekitar 30 meter dengan air yang sangat jernih. Belum banyak wisatawan yang mengunjungi air terjun ini karena belum dikelola oleh pengelola yang handal. Ditambah lagi belum ada fasilitas pendukung seperti warung, jadi harap membawa makanan dari rumah sebagai bekal.",Wisata Alam,Kabupaten Pamekasan,4.1,Air Terjun,Gratis,Air_Terjun_Ahatan.png
66,Brukoh Pakong,Pamekasan masih menyimpan wisata yang harus dikunjungi jika ke Madura. Tempat itu yaitu Brukoh Pakong Para pengunjung dapat menyaksikan pemandangan Kota Pamekasan dari atas bukit dengan hijaunya pepohonan yang menambah asri tempat ini. Paru-paru juga akan merasa nyaman akan sejuknya udara. Pengunjung betul-betul akan dimanjakan luar dalam oleh Brukoh Bakong ini. Tidak heran jika lokasi ini jadi menjadi lokasi wisata pilihan yang menyehatkan badan. Biaya untuk ke lokasi juga terjangkau.,Wisata Alam,Kabupaten Pamekasan,3.8,Bukit,5000,Brukoh_Pakong.png
67,Situs Sejarah Makam Ronggosukowati,"Jika ingin berwisata sambil belajar sejarah maka Makam Ronggosukowati bisa menjadi pilihan utama untuk dikunjungi. Makam ini berlokasi di Kolpajung. Kurang lebih 1 Km sebelah utara dari alun-alun Pamekasan. Situs ini adalah komplek makam Pangeran Ronggo Sukowati beserta keluarganya. Ronggosukowati adalah raja Islam pertama sekaligus pendiri Kabupaten Pamekasan. Situs ini adalah komplek pemakaman tertua yang ada di Pulau Madura. Itulah alasan kenapa jika ingin belajar sejarah Islam di Pulau Madura, maka makam ini adalah pilihan yang sangat bagus.",Wisata Buatan,Kabupaten Pamekasan,5,Wisata Religi,Gratis,Situs_Sejarah_Makam_Ronggosukowati.png
68,Dermaga Pelabuhan Branta,"Khusus untuk Anda yang hobi memancing, Dermaga Pelabuhan Branta merupakan tempat wisata yang sangat pas untuk Anda. Di pelabuhan ini ada sebuah dermaga yang bisa dimanfaatkan sebagai spot untuk memancing. Walaupun ikan yang bisa ditangkap di sini hanya ikan-ikan kecil, namun secara keseluruhan spot pemancingan ini masih tergolong cukup layak untuk disambangi. Selain cocok untuk dijadikan sebagai spot untuk memancing, Dermaga Pelabuhan Branta juga bisa dijadikan sebagai lokasi untuk joging, bersepeda santai, atau sekedar duduk-duduk bersama dengan kerabat. Hempasan angin di dermaga ini tergolong cukup kencang. Untuk itu, jangan terlalu heran kalau anda tidak merasa kepanasan walaupun saat itu matahari sedang bersinar terik.",Wisata Alam,Kabupaten Pamekasan,4.3,Pelabuhan,5000,dermaga_pelabuhan_branta.png
69,Tebing Labeng (Panjat Tebing Gunung Labeng Waru),"Tempat wisata di pamekasan yang selanjurnya adalah Tebing waru. Tebing waru merupakan salah satu tempat terbaik untuk berburu foto di Pamekasan. Di lokasi tebing ini ada banyak spot foto yang sangat menarik, seperti padang rumput, areal tebing, perkampungan masyarakat sekitar, gua angin, kerajaan monyet, dll. Selain cocok untuk dijadikan sebagai spot untuk berfoto, beberapa lokasi tersebut juga cocok untuk dijadikan sebagai tempat untuk memacu adrenalin. Sekedar informasi, Spot Kerajaan Monyet, diberi nama ""Kerajaan Monyet"" karena tempat tersebut ditinggali oleh kawanan monyet yang membentuk koloni. Uniknya, walaupun satu spesies, tidak jarang terjadi ""peperangan"" antar koloni yang disebabkan oleh perebutan wilayah kekuasaan.",Wisata Alam,Kabupaten Pamekasan,4.6,Bukit,Gratis,Tebing_waru.png
70,Edu Wisata Selamat Pagi Madura,"Mulai beroperasi sejak Tahun 2016, Edu Wisata Selamat Pagi Madura saat ini merupakan salah satu objek wisata keluarga paling populer di kalangan wisatawan lokal Pamekasan dan Kab-Kab di sekitarnya. Objek wisata edu wisata ini menawarkan paket wisata yang sangat lengkap dan tersedia seluruh kalangan usia. Untuk anak-anak ada wahana kolam renang khusus anak-anak, area play ground, jaring para-para, dan area berkuda. Sedangkan untuk orang dewasa ada kolam ikan khusus pemancingan, tempat belajar memanah, dll.",Wisata Buatan,Kabupaten Pamekasan,4,Wisata Hiburan,20000,edu_wisata_selamat_pagi.png
71,Monumen Nasional Arek Lancor,"Monumen Nasional Arek Lancor merupakan ""Tugu Kujangnya"" Kab Pamekasan. Monumen ini merupakan monumen berbentuk tugu yang didirikan secara khusus sebagai bentuk penghargaan bagai para pejuang yang pernah berjuang memerdekakan Pamekasan dari cengkeraman pada Penjajah. Jika dilihat sekilas, bentuk monumen Arek Lancor akan terlihat seperti lafadz Allah. Padahal sejatinya monumen ini memiliki bentuk yang ""senada"" dengan Tugu Kujang di Kota Bogor, yaitu sama-sama berupa alat tajam. Nama ""Arek Lancor"" sendiri sejatinya merupakan nama dua senjata khas Pulau Madura, terutama Pamekasan. Menurut masyarakat sekitar, dua senjata tajam tersebut merupakan lambang dari nilai-nilai entik mereka yang keras, tegas, dan berani dalam mempertahankan hak.",Wisata Buatan,Kabupaten Pamekasan,4.7,Wisata Budaya,5000,Monumen_arek_lancor.png
72,Masjid Agung Asy Syuhada Pamekasan,"Masjid Agung Asy Syuhada merupakan salah satu objek wisata religi tertua sekaligus termegah di Pamekasan. Menurut catatan sejarah, bangunan masjid ini sudah ada sejak abad ke 16. Hanya saja pada waktu itu di masjid ini belum bernama Masjid Agung Asy Syuhada, melainkan masih Maseghit Rato. Selain berstatus sebagai masjid tertua dan termegah di Pamekasan, Masjid Agung Asy syuhada Pamekasan juga pernah menjadi saksi bisu terjadinya pembantain di masa-masa awal kemerdekaan Indonesia. Di balik sejarah yang dimilikinya, Masjid Asy-Syuhada juga sangat terkenal dengan bangunan arsitekturnya yang megah. Saat masuk ke masjid ini, di bagian depan anda akan disambut dengan gapura. Selain itu, ada juga dua buah menara masjid yang difungsikan sebagai tempat untuk meletakkan pengeras suara di kedua sisi sampingnya.",Wisata Buatan,Kabupaten Pamekasan,4.7,Wisata Religi,Gratis,Masjid_Agung_AsSyuhada.png
73,Pantai Batu Kerbuy,"Pantai ini sangat terkenal di kalangan wisatawan bukan karena hamparan pasir putih yang halus layaknya kebanyakan pantai lainnya. Pantai ini banyak dikenal wisatawan karena hamparan batu karangnya yang sangat luas, yaitu mencapai 5 hektar. Menurut penuturan masyarakat setempat, penamaan Batu Karbut dilakukan karena dulu ada sbeuah batu yang bentuknya mirip seperti kerbau. Batu tersebut dulunya adalah manusia yang terkena kutukan sehingga berubah menjadi seekor kerbau. Walaupun pantai ini terkenal karena hamparan batu karangnya, namun bukan berarti pantai ini tidak memiliki pasir lho ya! Pantai ini juga memiliki pasir berwarna putih yang sangat halus.",Wisata Alam,Kabupaten Pamekasan,4.1,Pantai,3000,Pantai_Batu_Kerbuy.png
74,Gua Mas,"Pilihan tempat wisata di Kabupaten Pamekasan berikutnya adalah Gua Mas yang berbeda dengan goa pada umumnya. Sebab Gua Mas masih mempunyai penampilan yang begitu natural dan menjadi daya tarik tersendiri. Keberadaan stalaktit dan stalagmit seperti memenuhi lajur jalan yang begitu terbatas. Tetapi hal itu juga yang menjadi daya tarik tersendiri untuk para anak muda yang datang berkunjung. Para pengunjung sering mengabadikan momen di gua unik yang berlokasi di Desa Blaban Kecamatan Batumarmar kabupaten Pamekasan tersebut. Bukan hanya itu, jalur masuk yang berupa bekas sumur galian warga seperti member kesan menarik untuk pengunjung yang suka berpetualang.",Wisata Alam,Kabupaten Pamekasan,4.3,Goa,20000,Gua_Mas.png
75,Gili Iyang,"Menurut informasi yang beredar, pulau ini memiliki udara dengan kadar oksigen tertinggi (bukan hanya di Sumenep ataupun Indonesia, namun di seluruh penjuru dunia. Tidak hanya itu, tempat wisata di Sumenep yang satu ini juga memiliki pantai pasir putih yang sangat panjang dengan air pantai yang luar biasa bersih dan tenang. Saat berkunjung ke pulau mini ini Anda bisa melakukan berbagai macam aktivitas wisata menarik seperti berjemur di pinggir pantai, bermain air dan berenang, snorkeling, berkeliling areal pulau, berburu foto, menikmati sunset di sore hari, dan lain sebagainya.",Wisata Alam,Kabupaten Sumenep,4.5,Pulau,20000,gili_iyang.png
76,Gili Labak,"Gili Labak adalah sebuah pulau kecil menawan yang terletak di Selat Madura, tepatnya disebelah Tenggara Pulau Madura yang masuk dalam wilayah administrasi Kecamatan Talango Kabupaten Sumenep Madura Jawa Timur. Pulau Gili Labak memiliki luas hanya sekitar 5 hektar yang dihuni kurang lebih 35 kepala keluarga saja. Keindahan yang dimiliki Pulau Gili Labak mulai tercium para traveller yang menyukai lokasi wisata terpencil serta alami dan jauh dari kebisingan kota. Saat ini Pulau Gili Labak menjadi salah satu tujuan wisata favorit yang berada di wilayah Timur Pulau Jawa. Bertambah nya jumlah perahu yang tersedia untuk mengantarkan para wisatawan menyebrang ke Gili labak disetiap akhir pekan menunjukkan pulau ini semakin diminati dan menjadi salah satu destinasi pengisi masa liburan.",Wisata Alam,Kabupaten Sumenep,4.8,Pulau,415000,Gili_labak.png
77,Gili Genting,"Gili Genting menawarkan daya tarik utama berupa area pantai yang sangat bersih dan alami. Nama pantai tersebut adalah Pantai Kahuripan. Pantai Kahuripan memiliki panorama alam yang sangat luar biasa. Tidak seperti kebanyakan pantai lainnya yang menawarkan area pantai saja, Pantai Kahuripan juga turut menawarkan area dataran tebing dan area bebatuan yang sangat eksotis. Area pinggiran pantainya ditumbuhi oleh pepohonan rindang yang bisa dimanfaatkan sebagai tempat untuk berteduh.",Wisata Alam,Kabupaten Sumenep,4.4,Pulau,10000,gili_genting.png
78,Pulau Sapeken,"Pulau Sapeken merupakan salah satu pulau terluar yang ada di Kepulauan Madura. Pulau ini menawarkan daya tarik utama berupa kawasan terumbu karang yang luar biasa luas. Kabarnya, hampir 50 persen dari total luasan terumbu karang di kepulauan Madura dan kangean terletak di area pulau ini. Karenanya, pulau ini benar-benar sangat pas untuk dijadikan sebagai spot sonerkeling. Karena terletak di ujung sebelah timur Kepulauan Madura, waktu yang dibutuhkan untuk bisa aspai ke Pulau Sapeken tergolong agak cukup lama. ",Wisata Alam,Kabupaten Sumenep,4.2,Pulau,125000,Pulau_sapeken.png
79,Pantai Lombang,"Pantai ini terletak di Kec. Batang-Batang, Kab. Sumenep, Madura, Jawa Timur. Tempat jalan-jalan di Sumenep yang berikutnya adalah Pantai Lombang. Pantai Lombang merupakan salah satu objek wisata pantai paling favorit di Kab. Sumenep. Pantai ini menawarkan daya tarik utama berupa garis pantai yang panjang dan lebar. Selain itu kondisi lingkungan sekitar pantai ini pun juga masih sangat alami dan terjaga dengan baik. Wilayah pinggiran pantai ini ditumbuhi oleh pepohonan cemara udang yang rimbun. Oleh karenanya, Anda tidak perlu takut kepanasan di sini, karena bisa berteduh di bawah pohon cemara yang ada di area pinggiran pantai.",Wisata Alam,Kabupaten Sumenep,4.4,Pantai,7000,Pantai_lombang.png
80,Pantai Ambuten,"Ada lagi pantai indah di Sumenep yang terletak di Desa Ambuten Barat, Kecamatan Ambuten, Kabupaten Sumenep, Madura, Jawa Timur. Ingin berfoto dengan latar belakang area karang yang berongga kares terkikis ombak pantai? Jika ya, Anda dapat berkunung ke Pantai Ambuten. Di pantai ini ada area batu karang berongga (karena terkikis ombak pantai) yang sangat pas untuk dijadikan sebagai lokasi untuk berfoto. Berbeda dengan kebanyakan pantai di Kab. Sumenep yang lainnya, Pantai Ambuten memiliki pasir pantai yang berawarna coklat kemerahan. Selain itu, ombaknya oun juga relatif cukup tinggi.",Wisata Alam,Kabupaten Sumenep,5,Pantai,7000,pantai_ambuten.png
81,Bukit Tinggi Daramista,"Bukit Tinggi Daramista juga tergolong salah satu tempat wisata baru di Sumenep. Wisata ini termasuk salah satu wisata yang telah banyak diketahui oleh wisatawan, baik itu wisatawan lokal maupun dari luar daerah. Tingginya minat wisatawan terhadap tempat wisata hits di Sumenep yang satu ini tidak terlepas dari pemandangan alam dan spot fotonya yang luar biasa memukau. Ya, selain memiliki udara yang sejuk, bukit ini juga memiliki pemandangan alam dan berbagai macam spot foto yang sangat memulau. Tidak hanya itu, untuk dapat menarik wisatawan, pengelola objek wisata ini juga sudah menyediakan berbagai macam fasilitas wisata yang unik dan memukau.",Wisata Alam,Kabupaten Sumenep,4.1,Bukit,2000,Bukit_Tinggi_Daramista.png
82,Bukit Kapur Kombang,"Menurut informasi dari masyrakat setempat, bukit kapur ini dulunya merupakan area pertambangan. karena sudah tidak produktif, fungsinya mulai dialihkan dari kawasan tambang kapur menjadi area pariwisata yang terbuka untuk umum. Jika dilihat sekilas dari kejauhan, area bukit Kombang akan terlihat seperti bangunan kastil khas Benua Eropa yang sarat akan dinding-dinding artistik.",Wisata Alam,Kabupaten Sumenep,4.5,Bukit,2000,Bukit_Kapur_Kombang.png
83,Pantai Slopeng,"Pantai Slopeng merupakan pantai eksotis yang sangat pas untuk dijadikan sebagai lokasi untuk bermain air dan pasir di pinggi pantai. Kenapa? karena pantai ini memiliki ombak yang relatif cukup tenang. Tidak hanya itu, objek wisata ini juga memiliki garis pantai yang sangat panjang, yaitu menapai 6 km dengan beragam fasilitas wisata yang lengkap. Di kalangan masyarakat Sumenep dan sekitarnya, pantai ini dikenal sebagai salah satu tempat wisata favorit di hari libur dan akhir pekan.",Wisata Alam,Kabupaten Sumenep,4.3,Pantai,5000,pantai_slopeng_sumenep.png
84,Kepulauan Masalembu,"Kepulauan Masalembu merupakan area kepulauan di Laut Jawa yang terdiri atas tiga pulau utama, yaitu Pulau Masalembu, Pulau MasaKambing dan Pulau Keramaian. Mirip seperti pulau-pulau mini di Kab. Sumenep, Madura yang lainnya, Kepulauan Masalembu juga memiliki area terumbu karang yang cukup luas. selain itu, kepulauan ini kabarnya juga memilki struktur biodiversitas habitat yang cukup lengkap. Dari mulai terumbu karang, telu, rumput laut, pesisir litoral, sampai dnegan area umbalan semuanya bisa ditemui di kepulauan ini. ",Wisata Alam,Kabupaten Sumenep,3.9,Pulau,40000,Kepulauan_Masalembu.png
85,Pantai Sembilan,"Objek wisata gili memiliki pantai lain yang tidak kalah menarik untuk dikunjungi lho! Nama pantainya adalah Pantai Sembilan. Pantai ini menawarkan fasilitas wisata berupa spot foto, ATV, camping ground, banana boat, dan berbagai macam fasilitas wisata menarik lainnya. Untuk kondisi pantainya sendiri bisa dibilang masih tergolong sangat asri, bersih, dan alami dengan ombak yang tenang. Karena lokasinya yang tepat di ujung Pulau Genting, pantai ini juga sangat pas untuk dijadikan sebagai spot untuk menikmati indahnya sunrise di pagi hari dan sunset di sore hari.",Wisata Alam,Kabupaten Sumenep,4.5,Pantai,15000,pantai_sembilan.png
86,Pulau Mamburit,"Tempat wisata di sumenep berikutnya adalah pulau Mamburit yang terkenal dengan keindahan pantainya yang sangat luar biasa. Pulau ini memiliki keindahan alam bawah laut yang tidak kalah seoerti di Indoensia Timur sana, dengan hamparan pasir putih, air laut yang jernih serta terumbu karang yang begitu asri. Nah, untuk bisa mencapai pulau Mamburit ini kamu harus menempuh perjalanan laut dari pelabuhan batu gubuk yang terletak di pulau Kangean, sekitar 20 menit. ",Wisata Alam,Kabupaten Sumenep,4.6,Pulau,5000,Pulau_Mamburit.png
87,Taman Adipura Kota Sumenep,"Taman Adipura ini biasa dikenal dengan sebutan Taman Bunga (TB) oleh warga sumenep. Lokasinya tepat berseberangan dengan Masjid Agung Sumenep. Di taman ini banyak ditanami bunga yang ditata rapi. Terdapat pula monumen Adipura. Taman ini biasa digunakan untuk refreshing, jogging, event lomba hingga pembelajaran diluar kelas. Pada sore hingga malam, taman ini ditempati pasar malam dan aneka permainan untuk anak-anak seperti odong-odong.",Wisata Alam,Kabupaten Sumenep,4.5,Taman,Gratis,Taman_Adipura_Kota_Sumenep.png
88,Masjid Agung Sumenep,"Masjid Agung Keraton Sumenep adalah salah satu masjid tua di Indonesia yang memiliki makna filosofis di setiap detail dan sejarah bangunannya. Masjid ini terletak di pusat kota Sumenep, kabupaten paling timur di Pulau Madura, Jawa Timur.Masjid yang dulu bernama Masjid Jami’ dan merupakan masjid Keraton Sumenep ini menggabungkan berbagai unsur budaya dalam rancang bangunnya, diantaranya Persia, Arab, India, Cina, dan Jawa. Pola ekletis ini seperti merepresentasikan keberagaman etnis yang tinggal di pulau penghasil garam tersebut. Pengaruh unsur Arab dan Persia dapat terlihat pada peletakan kubah kecil di atap bangunan di sisi kanan dan kiri halaman masjid. Warna-warna kontras yang memadukan merah, hijau, dan emas pada beberapa detail elemen ukir mengingatkan pada gaya ornamen negeri Cina.",Wisata Alam,Kabupaten Sumenep,4.8,Wisata Religi,Gratis,Masjid_Agung_Sumenep.png
89,Museum Keraton Sumenep,"Museum ini menempati bangunan yang ada di dalam kompleks Keraton Sumenep. Keraton Sumenep atau keraton Panembahan Sumolo dibangun pada 1762, pada masa pemerintahan Panembahan Sumolo I atau Tumenggung Arya Nata Kusuma. Arsitek keraton ini berkebangsaan Cina, bernama Louw Phia Ngo. Ia memadukan gaya arsitektur Islam, Eropa, Cina, dan Jawa. Museum ini berada di bawah kepemilikan Dinas Kebudayaan, Pariwisata, Pemuda, dan Olahraga Kabupaten Sumenep dan dikelola oleh Unit Pelaksana Teknis (UPT) Museum Keraton Sumenep.",Wisata Buatan,Kabupaten Sumenep,4.6,Museum,10000,Museum_keraton_sumenep.png
90,Pantai Badur,"Dari banyak pantai yang ada, sesekali coba lah menjejaki Pantai Badur. Kemudian, nikmati keindahannya. Pantai Badur terletak di Desa Badur, Kecamatan Batu Putih, Kabupaten Sumenep. Jaraknya sekitar 18 kilometer dari pusat Kota Sumenep, atau kurang lebih bisa ditempuh sekitar 30 menit perjalanan. Adapun fasilitas yang ada di tempat ini sudah lumayan baik dan memenuhi standar, seperti ada kamar mandi umum, tempat ibadah, warung-warung makan, dan tempat parkir. Di sana, wisatawan bisa memancing pada perairan tawarnya. Jika ingin berlibur ke Pantai Badur, Anda sebaiknya menggunakan kendaraan pribadi karena akan cukup sulit menemukan kendaraan umum yang menuju ke tempat ini.",Wisata Alam,Kabupaten Sumenep,4.5,Pantai,5000,pantai_badur_sumenep.png
91,Padang Lamun,"Pulau ini menyajikan pemandangan alam eksotis, sehinga sangat menarik untuk dikunjungi. Untuk mencapai pulau ini, dibutuhkan waktu sekitar 30 menit dengan menggunakan kapal. Pulau yang dikenal dengan sebutan pulau podhay oleh masyarakat, menyimpan keindahan bawah laut dan hutan mangrove yang masih alami.Keunikan Padang Lamun di Pulau Sapudi adalah terdapatnya 6 jenis flora yang berbeda. Selain itu, kamu juga bisa menikmati ikan-ikan kecil, terumbu karang serta hutan mangrove di sekitar kawasan ini. Tak hanya itu, wisatawan bisa menyewa perahu laut untuk menikmati Padang Lamun secara keseluruhan. Di bagian barat dan selatan kawasan ini kamu bisa snorkeling dan bermain. Pulau ini kaya akan sumber daya alamnya. Terumbu karang dan ikan-ikan kecil yang cantik, keberadaan hutan mangrove yang sejuk, dan padang lamun terhampar luas di tepi peraian laut dangkal. ",Wisata Alam,Kabupaten Sumenep,4.3,Pantai,10000,padang_lamun_sumenep.png
92,Pantai Ropet,"Perjalanan memakan waktu sekitar 30 menit dari Pelabuhan Dungkek ke Dermaga Gili Iyang  . Wisatawan bisa menyewa transportasi lokal yang bisa diisi sekitar tujuh orang. Ada beberapa spot destinasi yang cantik di Gili Iyang. Salah satunya Pantai Ropet. Pantai indah dengan batu karang melengkung ke dalam seperti sebuah teluk menjadi ciri khas spot wisata di Gili Iyang tersebut. Suasana yang asri, angin sepoy-sepoy dan beberapa spot foto bisa kalian nikmati di bibir pantai ini. Pantai ropet memiliki tebing yang tinggi, dan airnya sangat jernih yang  memudahkan wisatawan  untuk dapat melihat secara jelas terumbu karang yang ada dibawah laut.",Wisata Alam,Kabupaten Sumenep,4.5,Pantai,8000,pantai_ropet_sumenep.png
93,Pantai e Kasoghi,"Tidak salah jika Kabupaten Sumenep yang berada di ujung utara Madura dengan branding “The Soul Of Madura”. Kabupaten yang berada di ujung pulau Madura ini, memiliki potensi sumber daya keindahan alam yang besar. Tentunya anda sudah tidak asing lagi mendengar kenidahan alam Kabupaten Sumenep seperti; Pantai Lombang, Pantai Slopeng, Pulau Gili Labak, Pulau Oksigen Giliyang, dan Pantai Sembilan. Pada pertengahan tahun 2020 telah launching wisata eksotis Pantai Ekashogi yang berada di desa Tanjung, Kecamatan Saronggi, Kabupaten Sumenep. Wisata yang lanunching pada akhir Juni 2020 ini, memang masih belum 50% pengerjaan. Namun yang perlu sobat tahu, pantai ini sudah mampu menarik banyak wisatawan untuk berkunjung karena keindahan pantainya yang dibalut dengan hijaunya pohon mangrove yang berada disekitar pantai. Perlu diketahui bahwa jalan menuju Pantai Ekashogi masih sangat sempit yakni hanya satu arah. Namun untuk parkirnya sangat luas. ",Wisata Alam,Kabupaten Sumenep,4.3,Pantai,10000,Pantai_e_Kasoghi.png
94,Wisata Mangrove Kedatim,"Terletak di Desa Kebundadap timur, Saronggi, Sumenep, Jawa Timur, tempat ini telah menjadi daya tarik para wisatawan, baik dari dalam maupun luar kota. Selain menawarkan keindahan alam yang mengagumkan, Wisata Mangrove Kedatim juga telah diakui dan dinobatkan menjadi juara dalam lomba Desa Wisata Nusantara tahun 2022 lalu. Wisata ini menawarkan pemandangan mempesona dengan suasana hutan mangrove yang hijau dan asri. Pohon bakau yang menjulang tinggi, akar-akar yang menjalar, serta kicauan burung, memancarkan kedamaian untuk dinikmati dengan tenang.",Wisata Buatan,Kabupaten Sumenep,4.6,Magrove,10000,wisata_mangrove_kedatim.png
95,Wisata Taman Tectona,"Taman Tectona merupakan salah satu tempat wisata favorit keluarga. Lokasinya berada di Kabupaten Sumenep, Jawa Timur. Taman wisata ini menawarkan tempat berlibur yang seru dan nyaman terutama bagi anak-anak. Tempat wisata ini banyak dihiasi tanaman-tanaman hijau, susananya asri dengan lingkungan alami. Disekitar kawasan wisata ini banyak ditumbuhi oleh pohon-pohon jati yang mengelilingi Taman Tectona. Daya tarik dari tempat wisata ini banyak tersedia spot-spot foto keren dan instagenic. Taman wisata ini juga menyediakan kolam renang khusus anak-anak dan dewasa. Sebagai sarana edukasi anak-anak, pihak pengelola juga menyediakan fasilitas outbond khusus untuk anak-anak.",Wisata Buatan,Kabupaten Sumenep,4.1,Taman,15000,Wisata_taman_Tectona.png
96,Taman Wisata Alam Pagarbatu,"Taman Wisata Alam Pagarbatu sering dikenal juga dengan Boekit Tawap Lengleng. Merupakan destinasi wisata yang ada di Kabupaten Sumenep, Jawa Timur. Taman wisata alam yang letaknya berada di perbukitan Lengleng, tepatnya di Dusun Bungandun, Desa Pagarbatu. Taman wisata ini menawarkan panorama alam yang indah dengan beragam wahana seru. Yang menjadi daya tarik dari tempat wisata ini terdapatnya pemandian air belerang. Disini juga terdapat kolam renang untuk dewasa dan anak-anak. Kolam renang dengan air jernih dan sejuk berasal dair mata air pegunungan. Sarana umum dan fasilitas yang tersedia cukup lengkap dan nyaman. Seperti toilet, mushola dan ruang ganti. Terdapat beberapa gazebo yang bisa pengunjung gunakan untuk bersantai dan beristirahat.",Wisata Buatan,Kabupaten Sumenep,4.3,Raman,10000,taman_wisata_alam_pagar_batu.png
97,Waterpark Sumekar Sumenep,"Waterpark Sumekar merupakan tempat rekreasi yang menawarkan permianan air yang seru. Wisata buatan berupa kolam renang yang bertemakan waterpark. Tersedia kolam renang khusus anak-anak dan untuk dewasa. Tempat wisata ini menyediakan cukup banyak wahana permainan air. Seperti seluncuran, slide hingga ember tumpah. Di Waterpak Sumekar juga terdapat mini train. Mini Train ini bisa digunakan pengunjung untuk berkeliling area wisata dan melihat berbagai wahana yang ada. Wahana lain yang tersedia diantaranya terdapat Game Cart, Cassowary, Cungkat Cungkit, dan Astage Art. Keseruan lain yang ditawarkan di Waterpark Sumekar yaitu mini zoo. Terdapat banyak koleksi satwa seperti ular, kanguru, kuda, burung kakak tua, elang, kijang dan lainnya.",Wisata Buatan,Kabupaten Sumenep,4.2,Wisata Hiburan,15000,Waterpark_Sumekar_Sumenep.png
